"Stock Code",
"1B30MIR",
"1BWP120IR",
"1C20MIR","1C20MIR Camera System Kit 1 High Res. CCD Nest Box.jpg"
"250MINI","250MINI Mini mealworms.jpg"
"2XUMW100",
"2XUSPB12",
"2XUSPB3",
"2XUSPF12",
"2XUSPF3",
"2XUSPI12",
"2XUSPI3",
"2XUSPM12",
"2XUSPM3",
"2XUSS50",
"3X40MEAL",
"500MINI",
"5C20MIR",
"6X40MEAL",
"6X40MINI",
"BAA","BAA Books - And After That He Ate Them.jpg"
"BGC","BGC Books Gowk The Cuckoo Call of the Spring.jpg"
"BHVV","BHVV Books - How Very Very Nice.jpg"
"BKT","BKT Books Kitty the Toon.jpg"
"BS1.5","BS13 Black Sunflower.jpg"
"BS13",
"BS20",
"BS2x20",
"BS5",
"BSS","BSS Books Screamer The Swift.jpg"
"C28","C28 Bird Box Plate.jpg"
"C32",
"C45",
"CAB20M","CAB20M Camera System 20M Extension Cable.jpg"
"CBB","CBB Bird Box Build Your Own.jpg"
"CC10K","CC10K Christmas Cards 10 x Kingfisher.jpg"
"CC10L","CC10L Christmas Cards 10 x Landscape.jpg"
"CC10MT","CC10MT Christmas Cards 10 x Marsh Tit.jpg"
"CC10P","CC10P Christmas Cards 10 x Penguin.jpg"
"CC10PH","CC10PH Christmas Cards 10 x Pheasant.jpg"
"CC10R","CC10R Christmas Cards 10 x Robin.jpg"
"CC10ST","CC10ST Christmas Cards 10 x Song Thrush.jpg"
"CC10T","CC10T Christmas Cards 10 x Turbine.jpg"
"CC16","CC16 Christmas Cards 16 pack 2 each of 8 designs.jpg"
"CCGL","CCGL Ground Guard Large Mesh (Bird Protecter).jpg"
"CCGS",
"CHC1","CHC1 Conqueror Feeder (a) 60cm 8 port.jpg"
"CHC2",
"CHC3",
"CHM","CHM Bird Box House Martin.jpg"
"CHMD","CHMD Bird Box House Martin Double.JPG"
"CM4","CM4 Millet Feeder 4 Port Metal.jpg"
"CM6",
"CP13",
"CP2",
"CP25","CP25 Chopped Peanut.jpg"
"CP2X25",
"CP6",
"CPBGGL","CPBGGL Canvas Print Barnacle Geese Glencaple.jpg"
"CPBGGS","CPBGGL Canvas Print Barnacle Geese Glencaple.jpg"
"CPBGWL","CPBGWL Canvas Print Godwit Welney.jpg"
"CPBGWS","CPBGWL Canvas Print Godwit Welney.jpg"
"CPBHML","CPBHML Canvas Print Brent Geese.jpg"
"CPBHMS","CPBHML Canvas Print Brent Geese.jpg"
"CPBOFL","CPBOFL Canvas Print Barn Owl in Flight.jpg"
"CPBOFS","CPBOFL Canvas Print Barn Owl in Flight.jpg"
"CPBOHL","CPBOHL Canvas Print Barn Owl Hunting.jpg"
"CPBOHS","CPBOHL Canvas Print Barn Owl Hunting.jpg"
"CPBOL","CPBOL Canvas Print Barn Owl.jpg"
"CPBOS","CPBOL Canvas Print Barn Owl.jpg"
"CPCAL","CPCAL Canvas Print Crowland Abbey.jpg"
"CPCAS","CPCAL Canvas Print Crowland Abbey.jpg"
"CPCBL","CPCBL Canvas Print Corn Bunting.jpg"
"CPCBS","CPCBL Canvas Print Corn Bunting.jpg"
"CPGLSL","CPGLSL Canvas Print Loch Strathbe Geese.jpg"
"CPGLSS","CPGLSL Canvas Print Loch Strathbe Geese.jpg"
"CPPL","CPPL Canvas Print Partridge.jpg"
"CPPS","CPPL Canvas Print Partridge.jpg"
"CPRBL","CPRBL Canvas Print Reed Bunting.jpg"
"CPRBS","CPRBL Canvas Print Reed Bunting.jpg"
"CPTSFYL","CPTSFYL Canvas Print Tree Sparrow Feeding Young.jpg"
"CPTSFYS","CPTSFYL Canvas Print Tree Sparrow Feeding Young.jpg"
"CPW490","CPW491 Heavy Duty Fat Ball Feeder.jpg"
"CPW491","CPW491 Heavy Duty Fat Ball Feeder.jpg"
"CPW759",
"CPWSCL","CPWSCL Canvas Print Whooper Swan Claverock.jpg"
"CPWSCS","CPWSCL Canvas Print Whooper Swan Claverock.jpg"
"CPWSHL","CPWSHL Canvas Print Wigeon Scott Head.jpg"
"CPWSHS","CPWSHL Canvas Print Wigeon Scott Head.jpg"
"CPWWL","CPWWL Canvas Print Wildfoul on Welland.jpg"
"CPWWS","CPWWL Canvas Print Wildfoul on Welland.jpg"
"CS13","CS13 Canary Seed.jpg"
"CSW","CSW Swallow nest.jpg"
"CTNS","CTNS Small Terracotta Nest Pot Small.jpg"
"CTR","CTR Bird Box Treecreeper Wooden.jpg"
"CW1643","Needs to be rotated! "
"CW1643","Needs to be rotated! "
"CWSB",
"CWSB","CWSB Bird Box Woodstone Swift Box.jpg"
"CWSSQBL","CWSSQBL Squirrel Blocking Cage.jpg"
"DKBOP",
"DKGB","DKGB DK Garden Birds Sticker Book.jpg"
"DKWB","DKWB DK Water Birds Sticker Book.jpg"
"DSH14","DSH14 Dried Sunflower Heads.JPG"
"EBB",
"EBBS",
"EBBS",
"FB1",
"FB2","FB2 Feeder Brush Large.jpg"
"FBN100","FBN50 Suet Fat Balls Netless.jpg"
"FBN150","FBN50 Suet Fat Balls Netless.jpg"
"FBN50","FBN50 Suet Fat Balls Netless.jpg"
"FM13","FM2X25 Finch Mix.jpg"
"FM2","FM2X25 Finch Mix.jpg"
"FM25","FM2X25 Finch Mix.jpg"
"FM2X25","FM2X25 Finch Mix.jpg"
"FM6","FM2X25 Finch Mix.jpg"
"FSB15","FSB15 Food Storage Bucket 15 Litre.jpg"
"FSB5","FSB15 Food Storage Bucket 15 Litre.jpg"
"G01116","G01116 Feeder Pole Twin Shepherd Hook.jpg"
"G1014","G1014 Ground Feeding Tray  42cm x 33cm.jpg"
"G1041","G1041 Gardman Peanut Feeder 32cm.jpg"
"G1044","G1044 Gardman Seed Feeder 32cm.jpg"
"G1108","G1108 Compact Ground Feeder 1.jpg"
"G1131","G1131 Feeder Station Kit Premier.jpg"
"G115","G115 Fat Ball Cage.jpg"
"G1158","G1158 Squirrel Baffler Clear Gardman 1.jpg"
"G1186","G1186 Fat Ball Feeder Ring.jpg"
"G1305","G1305 Ground Feeder Compact.jpg"
"G1310","G1310 Seed Scoop Metal.jpg"
"G1314","G1314 Feeder Station Kit Patio Stand.jpg"
"G1320","G1320 Hanging Mealworm Feeder.jpg"
"G1342","G1342 Feeder Station Kit Deluxe.jpg"
"G1343","G1343 Feeder Station Complete.jpg"
"G1507","G1507 Feeder Pole Mesh Seed Tray.jpg"
"G1543","G1543 Flip Top Suet Roll Holder.jpg"
"G4242","G4242 Fat Ball Flip Top Feeder.jpg"
"GBGC","GBGC Garden Birds Greeting Cards.jpg"
"GBP",
"GFM13","GFM2 Ground Feed Mix NEW.jpg"
"GFM2","GFM2 Ground Feed Mix NEW.jpg"
"GFM25","GFM2 Ground Feed Mix NEW.jpg"
"GFM2X25","GFM2 Ground Feed Mix NEW.jpg"
"GFM6","GFM6 Ground Feed Mix NEW.jpg"
"GGBTSRC","GGBTSRC Bird Table Slate Roof Corner.JPG"
"GGBTSRH","GGBTSRH Bird Table Slate Roof Hanging.jpg"
"GGBTSRLD","GGBTSRLD Bird Table Slate Roof Leaf Design Hanging.jpg"
"GGBTSRWM","GGBTSRWM Bird Table Slate Roof Wall Mounted.jpg"
"GN4095","GN4095 Camera System Video to USB Adapter.jpg"
"GV10","GV10 Gift Voucher %C2%A310.jpg"
"GV20","GV20 Gift Voucher %C2%A320.jpg"
"GV5","GV5 Gift Voucher %C2%A35.jpg"
"HEM13","HEM6 High Energy Mix 6kg.jpg"
"HEM25","HEM6 High Energy Mix 6kg.jpg"
"HEM2X25","HEM6 High Energy Mix 6kg.jpg"
"HEM6","HEM6 High Energy Mix 6kg.jpg"
"HF13","HF2 Hedgehog Food 2Kg.jpg"
"HF2","HF2 Hedgehog Food 2Kg.jpg"
"HF6","HF2 Hedgehog Food 2Kg.jpg"
"HSB","HSB Hawk Silhouettes Black Red.jpg"
"HSR","HSB Hawk Silhouettes Black Red.jpg"
"IDCA","IDCA I D Charts (a) Top 50 Garden Birds.jpg"
"IDCB",
"IDCC",
"IDCD",
"IDCE",
"IDCF",
"IDCG",
"IDCH",
"IDCI",
"IDCJ",
"JJ18","JJ18 Droll Yankee Guardian Small (exc Feeder).jpg"
"JJ26","JJ26 Bird Box WoodcreteTit.jpg"
"JJ32","JJ32 Bird Box Woodcrete Sparrow.jpg"
"JJ36","JJ36 Droll Yankee Guardian Large (exc Feeder).jpg"
"JJ3WAY","JJ3WAY Feeder Station Three Way.jpg"
"JJA6T","JJA6T Droll Yankee Seed Tray.jpg"
"JJAQWA","JJAQWA Wrap Around Bird Bath.jpg"
"JJBBR","JJBBR Birdbath Raft.jpg"
"JJBLP1","JJBLP2 Bird Lovers Plastic Peanut Feeder.jpg"
"JJBLP2","JJBLP2 Bird Lovers Plastic Peanut Feeder.jpg"
"JJBLS1","JJBLS2 Bird Lovers Seed Feeder.jpg"
"JJBLS2","JJBLS2 Bird Lovers Seed Feeder.jpg"
"JJBLS3","JJBLS2 Bird Lovers Seed Feeder.jpg"
"JJFF1","JJFF1 Feeder Fresh 250ml.jpg"
"JJFF2","JJFF1 Feeder Fresh 250ml.jpg"
"JJGRN","JJGRN Granary Seed Feeder.jpg"
"JJGS","JJGS Giant Seed Tray and Squirrel Guard.jpg"
"JJHR2","JJHR2 Bird Feeder Hang Right 45cm.jpg"
"JJHR3","JJHR2 Bird Feeder Hang Right 45cm.jpg"
"JJLFN1","JJLFN1 Droll Yankee Niger Feeder.jpg"
"JJLFN1Y",
"JJLFN2",
"JJLFN2Y",
"JJLFN3",
"JJLFN3Y",
"JJLFN4Y","JJLFN4Y Droll Yankee Goldfinch Flocker.jpg"
"JJLFP1","JJLFP1 Droll Yankee Peanut Feeder 20cm.jpg"
"JJLFP2","JJLFP2 Droll Yankee Peanut Feeder 30cm.jpg"
"JJLFS1",
"JJLFS2","JJLFS2 Droll Yankee Seed Feeder 4 Port 36cm.jpg"
"JJLFS3",
"JJMF","JJMF My Favourites Feeder.jpg"
"JJNBLBWP","JJNBLBWP Bird Lovers Window Feeder Peanut.jpg"
"JJNBLBWS","JJNBLBWS Bird Lovers Window Feeder Seed.jpg"
"JJOF","JJOF Bird Box Woodcrete Openfronted.jpg"
"JJOMNI","JJOMNI Droll Yankee Large Seed Tray 1.jpg"
"JJOWF","JJOWF Observer Window Feeder.jpg"
"JJOXN1","JJOXN1 Onyx Niger Feeder 27.5cm 2 Port.jpg"
"JJOXN2","JJOXN2 Onyx Niger Feeder 42.5cm 4 Port.jpg"
"JJOXN3","JJOXN3 Onyx Niger Feeder 58cm 6 Port.jpg"
"JJOXS1","JJOXS1 Onyx Seed Feeder 27.5cm 2 port 500g capacity.jpg"
"JJOXS2",
"JJOXS3",
"JJPGS","JJPGS Pigeon Spacer.jpg"
"JJPO","JJPO Droll Yankee Garden Pole.jpg"
"JJPR2","JJPR2 Droll Yankee Perch Rings 1.jpg"
"JJRGRD","JJRGRD Droll Yankee Plastic Rain Guard.JPG"
"JJRP2","JJPR2 Droll Yankee Perch Rings.jpg"
"JJRPN1",
"JJRPN2",
"JJRPN3","JJRPN3 Ring Pull Easy Clean Niger Feeder 54cm 6 port.jpg"
"JJRPS1","JJRPS1 Ring Pull Easy Clean Feeder 18cm 2 port.jpg"
"JJRPS2",
"JJRPS3",
"JJRPT1","JJRPT1 Ring Pull Seed Tray.jpg"
"JJSBF","JJSBF Squirrel Buster Finch.jpg"
"JJSBM","JJSBM Squirrel Buster Seed.jpg"
"JJSBP","JJSBP Squirrel Buster Plus Seed.jpg"
"JJSBPN","JJSBPN Squirrel Buster Peanut 1.jpg"
"JJSCO","JJSCO Seed Scoop Plastic.jpg"
"JJSF","JJSF Suet Block Holder Single.jpg"
"JJSFD","JJSFD Suet Block Holder Double.jpg"
"JJSL","JJSL Super Link Pack of 2.jpg"
"JJSQSL","JJSQSL Squirrel Slinky 1.jpg"
"JJSS","JJSS Seed Scoop Super.jpg"
"JJSWB2","JJSWB2 Wall Bracket.jpg"
"JJTOT1","JJTOT1 Droll Yankee The One Seed Tray.jpg"
"JJWA1","JJWA1 Invisible Leaves.jpg"
"JJWA2","JJWA2 Invisible Butterflies.jpg"
"JJWH16","JJWH8 Droll Yankee Wrap Around Hook 20cm.jpg"
"JJWH8","JJWH8 Droll Yankee Wrap Around Hook 20cm.jpg"
"K7DL","K7DL Plastic Seed Globe With Tray.jpg"
"KK14","KK14 Kernel Caged Live Food Feeder.jpg"
"KK17","KK17 Live Food Feeder 1.jpg"
"KK18","KK18 Niger Seed Feeder and Tray 18cm.jpg"
"KK18L",
"KK8","KK8 Kernel Caged Peanut Feeder.jpg"
"KK8BK","KK8BK Kernel Caged Suet Feast Feeder.jpg"
"KK8BL","KK14 Kernel Caged Live Food Feeder 1.jpg"
"KK8S",
"KSBV","KSBV Super Bug Viewer.jpg"
"KT28","KT28 Bird Box Tit.jpg"
"KT32","KT32 Bird Box Sparrow.JPG"
"KT45","KT45 Bird Box Starling.jpg"
"KTBOE","KTBOE Bird Box Barn Owl.JPG"
"KTBOI","KTBOI Bird Box Barn Owl Internal.JPG"
"KTBV","KTBV Triple Bug Viewer.jpg"
"KTK","KTK Bird Box Kestrel.jpg"
"KTOF","KTOF Bird Box Open Front.jpg"
"KTSP3","KTSP3 Bird Box Sparrow Terrace.JPG"
"KTSW","KTSW Bird Box Swift.jpg"
"KTTO","KTTO Bird Box Tawny Owl.jpg"
"LFP1","LFP2 Droll Yankee Guardian (Large) and 30cm Peanut Feeder.jpg"
"LFP2",
"LFS1",
"LFS2","LFS2 Droll Yankee Guardian (Large) and 36cm Seed Feeder.jpg"
"MBB","MBB Easy Site Birdbath.jpg"
"MBF","MBF Butterfly Feeder.jpg"
"MFB500","MFB500 Mealworm Food 500g Bran.jpg"
"MGG","MGG Adjustable Ground Guard.jpg"
"MS13","MS13 Mixed Seed.jpg"
"MS2","MS13 Mixed Seed.jpg"
"MS25","MS13 Mixed Seed.jpg"
"MS2X25","MS13 Mixed Seed.jpg"
"MS6","MS13 Mixed Seed.jpg"
"MSS","MSS Mixed Seed Sampler.jpg"
"MTGF",
"MTGPF","MTGPF Choice Bird Guard Peanut.jpg"
"MTGPS","MTGPS Choice Bird Guard Seed.jpg"
"MTGS","MTGS Choice Bird Guard Seed Fat Ball.jpg"
"MUGBAD","MUGBAD Mug Badger.jpg"
"MUGBT","MUGBT Mug Blue Tit.jpg"
"MUGDOR","MUGDOR Mug Dormouse.jpg"
"MUGKIN","MUGKIN Mug Kingfisher.jpg"
"MUGOTT","MUGOTT Mug Otter.jpg"
"MUGROB","MUGROB Mug Robin.jpg"
"MUGTO","MUGTO Mug Tawny Owl.jpg"
"N01","N01 Nuttery Caged Feeder Nut 31cm.jpg"
"N22","N22 Nuttery Caged Feeder Seed 36cm.jpg"
"N28",
"N47","N47 Nuttery Caged Fat Ball Feeder.jpg"
"N70","N70 Nuttery Caged Feeder Globe Nut.jpg"
"N94","N94 Nuttery Caged Suet Pellet Feeder.jpg"
"N95",
"NS13","NS6 Niger Seed.jpg"
"NS25","NS6 Niger Seed.jpg"
"NS2X25","NS6 Niger Seed.jpg"
"NS6","NS6 Niger Seed.jpg"
"NT75","NT75 Nuttery Caged Feeder Globe Seed.jpg"
"OSG25","OSG25 Oyster Shell Grit 25Kg.jpg"
"OSG5","OSG25 Oyster Shell Grit 25Kg.jpg"
"OSG500","OSG25 Oyster Shell Grit 25Kg.jpg"
"OSR13",
"OXT1C","OXT1C Onyx Seed Tray 265mm Diameter.jpg"
"P13","P25 Peanuts.jpg"
"P2","P25 Peanuts.jpg"
"P25","P25 Peanuts.jpg"
"P2X25","P25 Peanuts.jpg"
"P6","P25 Peanuts.jpg"
"PFM13","PFM Premium Finch Mix.jpg"
"PFM25","PFM Premium Finch Mix.jpg"
"PFM2X25","PFM Premium Finch Mix.jpg"
"PFM6","PFM Premium Finch Mix.jpg"
"PHE13","PHE2 Premium High Energy.jpg"
"PHE2","PHE2 Premium High Energy.jpg"
"PHE25","PHE2 Premium High Energy.jpg"
"PHE2X25","PHE2 Premium High Energy.jpg"
"PHE6","PHE2 Premium High Energy.jpg"
"PM13","PM Premium Mix.jpg"
"PM2","PM Premium Mix.jpg"
"PM25","PM Premium Mix.jpg"
"PM2X25","PM Premium Mix.jpg"
"PM6","PM Premium Mix.jpg"
"PO13","PO13 Pinhead Oats 13kg.jpg"
"PO25","PO13 Pinhead Oats 13kg.jpg"
"POLM13","POLM13 Poultry Mix 13Kg.jpg"
"POLM25","POLM13 Poultry Mix 13Kg.jpg"
"RDMIL13","RDMIL Red Millet.jpg"
"RDMIL2","RDMIL Red Millet.jpg"
"RDMIL25","RDMIL Red Millet.jpg"
"RDMIL6","RDMIL Red Millet.jpg"
"RM13","RM2 Robin %26 Friends Mix 2kg.jpg"
"RM2","RM2 Robin %26 Friends Mix 2kg.jpg"
"RM25","RM2 Robin %26 Friends Mix 2kg.jpg"
"RM6","RM2 Robin %26 Friends Mix 2kg.jpg"
"RNO13","RNO2 Rolled Naked Oats 2kg.jpg"
"RNO2","RNO2 Rolled Naked Oats 2kg.jpg"
"RNO25","RNO2 Rolled Naked Oats 2kg.jpg"
"RNO2X25","RNO2 Rolled Naked Oats 2kg.jpg"
"RNO6","RNO2 Rolled Naked Oats 2kg.jpg"
"SBTASW","SBTASW Bird Table Arley Stained Wood.jpg"
"SHC13","SHC13 Sunflower Heart Chips 13kg.jpg"
"SHC25","SHC6 Sunflower Heart Chips 6kg.jpg"
"SHC2X25","SHC6 Sunflower Heart Chips 6kg.jpg"
"SHC6","SHC6 Sunflower Heart Chips 6kg.jpg"
"SHSTD13","SHSTD6 Sunflower Hearts 6kg.jpg"
"SHSTD2","SHSTD6 Sunflower Hearts 6kg.jpg"
"SHSTD25","SHSTD6 Sunflower Hearts 6kg.jpg"
"SHSTD2X25","SHSTD6 Sunflower Hearts 6kg.jpg"
"SHSTD6","SHSTD6 Sunflower Hearts 6kg.jpg"
"SSSP","SSSP Straight Seeds Selection Pack.jpg"
"SULT125",
"SULT2","SULT2 Sultanas.jpg"
"SULT2X125",
"SULT3","SULT3 Sultanas.jpg"
"TOS1","TOS1 Droll Yankee The One Seed Feeder.jpg"
"TOS2","TOS1 Droll Yankee The One Seed Feeder.jpg"
"TOS3","TOS1 Droll Yankee The One Seed Feeder.jpg"
"U01","U01 Suet Nugget Feeder.jpg"
"U04","U04 Suet Log Feeder Basket.jpg"
"U11","U11 Flip Top Suet Roll Holder Red.jpg"
"UCH12","UCH12 Coconut Halves.JPG"
"UCH36","UCH12 Coconut Halves.JPG"
"UEM13","UEM2 Ultimate Energy Mworms 2Kg.jpg"
"UEM2","UEM2 Ultimate Energy Mworms 2Kg.jpg"
"UEM25","UEM2 Ultimate Energy Mworms 2Kg.jpg"
"UEM2X25","UEM2 Ultimate Energy Mworms 2Kg.jpg"
"UEM6","UEM2 Ultimate Energy Mworms 2Kg.jpg"
"UES13","UES2 Ultimate Energy Suet 2Kg.jpg"
"UES2","UES2 Ultimate Energy Suet 2Kg.jpg"
"UES25","UES2 Ultimate Energy Suet 2Kg.jpg"
"UES2X25","UES2 Ultimate Energy Suet 2Kg.jpg"
"UES6","UES2 Ultimate Energy Suet 2Kg.jpg"
"ULMB12","ULMB6 Less Mess Berry %26 Bugs Suet Blocks 300g x 6.jpg"
"ULMB6","ULMB6 Less Mess Berry %26 Bugs Suet Blocks 300g x 6.jpg"
"ULMI12","ULMI6 Less Mess Insect Suet Blocks 300g x 6.jpg"
"ULMI6","ULMI6 Less Mess Insect Suet Blocks 300g x 6.jpg"
"ULMM6","ULMM6 Less Mess Mealworm Suet Blocks 300g x 6.jpg"
"ULSBM","ULMM6 Less Mess Mealworm Suet Blocks 300g x 6.jpg"
"UMP2.5","UMP2.5 Mealworm Plus 2.5kg.jpg"
"UMP500","UMP2.5 Mealworm Plus 2.5kg.jpg"
"UMW100","UMW100 Dried Mealworms.jpg"
"UMW1000","UMW100 Dried Mealworms.jpg"
"UMW500","UMW100 Dried Mealworms.jpg"
"USB12",
"USBB12",
"USBB6","USBB6 Suet Blocks Berry.jpg"
"USBI12",
"USBI6","USBI6 Suet Blocks Insect.jpg"
"USL36","USL36 Suet Logs 6 Packs of 6.jpg"
"USL72","USL36 Suet Logs 6 Packs of 6.jpg"
"USLF","USLF Suet Log Feeder 1.jpg"
"USM3","USM3 Multi Suet Blocks.jpg"
"USM6","USM3 Multi Suet Blocks.jpg"
"USN4","USN4 Suet Nuggets 1.jpg"
"USP13",
"USPB12",
"USPB3","USPB550 Suet Pellets Berry 550g.jpg"
"USPB550","USPB550 Suet Pellets Berry 550g.jpg"
"USPF","USPF Suet Pellet Feeder.jpg"
"USPF12",
"USPF3",
"USPF550","USPF550 Suet Pellets Fruit 550g.jpg"
"USPI12",
"USPI550","USPI550 Suet Pellets Insect 550g 1.jpg"
"USPM12",
"USPM3",
"USPM550","USPM550 Suet Pellets Mealworms 550g 1.jpg"
"USR8",
"USS50","USS50 Super Suet Balls Box of 50.jpg"
"VAK1","VAK1 Ark Klens Concentrate 250ml.jpg"
"VAK2","VAK2 Ark Klens Ready to Use Spray.jpg"
"VC1","VC1 Citrosan.jpg"
"VCSS","VCSS Citrosan Sprinkle Support 100g.jpg"
"VHFC16","VHFC16 2016 VHF Calendar.jpg"
"VHFFS","VHFFS Food Storage Bin Plastic.jpg"
"WAX150","WAX250 Wax Worms 1 x 250g Tub.jpg"
"WAX250","WAX250 Wax Worms 1 x 250g Tub.jpg"
"WAX500","WAX250 Wax Worms 1 x 250g Tub.jpg"
"WBB","WBB Bat Box.jpg"
"WBO28","WBO28 Bird Box Woodstone Brown Oval 28mm.jpg"
"WBO32","WBO32 Bird Box Woodstone Brown Oval 32mm.jpg"
"WBOOF","WBOOF Bird Box Woodstone Brown Oval Open Front.jpg"
"WBR32",
"WBROF",
"WCPO","WCPO Cup Feeder Pack of 3 Orange.jpg"
"WCPR","WCPR Cup Feeder Pack of 3 Red.jpg"
"WCPRX3","WCPRX3 Red Cup Feeder Pack of 3.jpg"
"WCPX3","WCPX3 Cup Feeder Pack of 3 Red Orange Yellow.jpg"
"WCPY","WCPY Cup Feeder Pack of 3 Yellow.jpg"
"WDMH","WDMH Dormouse House.jpg"
"WGM13","WGM Won%27t Grow Mix.jpg"
"WGM2","WGM Won%27t Grow Mix.jpg"
"WGM25","WGM Won%27t Grow Mix.jpg"
"WGM2X25","WGM Won%27t Grow Mix.jpg"
"WGM6","WGM Won%27t Grow Mix.jpg"
"WGO28","WGO28 Bird Box Woodstone Green Oval 28mm.jpg"
"WGO32","WGO32 Bird Box Woodstone Green Oval 32mm.jpg"
"WGOOF","WGOOF Bird Box Woodstone Green Oval Open Front.jpg"
"WGR32",
"WGROF",
"WH13","WH2 Wheat 2kg.jpg"
"WH2","WH2 Wheat 2kg.jpg"
"WH25","WH2 Wheat 2kg.jpg"
"WH6","WH2 Wheat 2kg.jpg"
"WHH1","WHH1 Hogilo Hedgehog House.jpg"
"WHMILL13","WHMILL White Millet.jpg"
"WHMILL25","WHMILL White Millet.jpg"
"WHMILL6","WHMILL White Millet.jpg"
"WHSDB","WHSDB Bird Box Woodstone House Sparrow Double Brown.jpg"
"WLHB","WLHB Lacewing Habitat Box.jpg"
"WLHB","WLHB Ladybird House.jpg"
"WLTM","WLTM Ladybird Tower Mini.jpg"
"WM2","WM White Millet.jpg"
"WMILL2X25","WM White Millet.jpg"
"WSCR2","WSCR2 Bird Table Scraper.JPG"
"WTN","WTN Bird Box Robin Teapot Nester.jpg"
"WTT1","WTT1 DIY Bird Cake Kit.jpg"
"WWBB2","WWBB2 Bug Box.jpg"
"WWR","WWR Wool Spiral Refill.jpg"
"WWS","WWS Wool Spiral %2B Refill.jpg"
"WWSBH1","WWSBH1 Solitary Bee Box.jpg"
"WWSF","WWSF Squirrel Feeder 1.jpg"
"X1KGMEAL",
"X250MEAL",
"X2KGMEAL",
"X2NIG",
"X500MEAL",
